"Nguyễn Nam Khánh","Dương Anh"
"Nguyễn Nam Khánh","Đặng Hiệp"
"Nguyễn Nam Khánh","Phan Đức"
"Nguyễn Nam Khánh","Hồ Trang"
"Hồ Giang","Lý Quốc Ngọc"
"Hồ Giang","Hồ Trang"
"Hồ Giang","Phan Hoàng"
"Hồ Giang","Lê Hải Hà An"
"Hồ Giang","Lê Hải Hà An"
"Hồ Giang","Dương Ngọc"
"Hồ Giang","Dương Nam Khánh"
"Hồ Giang","Trần Ngọc"
"Hồ Giang","Phan Anh"
"Lý Quốc Ngọc","Lê Hải Hà An"
"Lý Quốc Ngọc","Lý Giang"
"Lý Quốc Ngọc","Phạm Phạm"
"Lý Quốc Ngọc","Đặng Huy"
"Lý Quốc Ngọc","Phan Đức"
"Lý Quốc Ngọc","Đặng Ngọc Quỳnh Như"
"Lý Quốc Ngọc","Hồ Trang"
"Hồ Trang","Phan Hoàng"
"Hồ Trang","Lý Giang"
"Hồ Trang","Bùi Hiệp"
"Hồ Trang","Lê Dũng"
"Hồ Trang","Dương Ngọc"
"Phan Hoàng","Phạm Phạm"
"Phan Hoàng","Lê Dũng"
"Phan Hoàng","Trần Quốc Ngọc"
"Ngô Thị Bích Ngọc","Dương Anh"
"Ngô Thị Bích Ngọc","Bùi Hiệp"
"Ngô Thị Bích Ngọc","Lê Hoàng"
"Ngô Thị Bích Ngọc","Hồ Điệp Chi"
"Ngô Thị Bích Ngọc","Dương Ngọc"
"Bùi Xuân Minh","Ngô Thị Bích Ngọc"
"Bùi Xuân Minh","Lý Phạm"
"Bùi Xuân Minh","Ngô Hiếu"
"Bùi Xuân Minh","Dương Anh"
"Bùi Xuân Minh","Bùi Hiệp"
"Bùi Xuân Minh","Hồ Quốc Ngọc"
"Lê Hải Hà An","Lý Phạm"
"Lê Hải Hà An","Hồ Việt"
"Lê Hải Hà An","Phạm Phạm"
"Lê Hải Hà An","Hồ Quốc Ngọc"
"Lê Hải Hà An","Trần Ngọc"
"Lê Hải Hà An","Nguyễn Trang"
"Ngô Xuân Minh","Hồ Quốc Ngọc"
"Ngô Xuân Minh","Đặng Ngọc Quỳnh Như"
"Ngô Xuân Minh","Hồ Quốc Ngọc"
"Ngô Xuân Minh","Lý Tài"
"Ngô Thị Bích Ngọc","Dương Ngọc"
"Ngô Thị Bích Ngọc","Trần Quốc Ngọc"
"Ngô Thị Bích Ngọc","Lý Quốc Ngọc"
"Ngô Thị Bích Ngọc","Dương Nam Khánh"
"Ngô Thị Bích Ngọc","Nguyễn Trang"
"Ngô Thị Bích Ngọc","Lý Tài"
"Lý Phạm","Nguyễn Trang"
"Lý Giang","Trần Thị Bích Ngọc"
"Lý Giang","Đặng Huy"
"Lý Giang","Phan Đức"
"Lý Giang","Hồ Trang"
"Đỗ Việt","Đặng Huy"
"Đỗ Việt","Dương Tiến Long"
"Đỗ Việt","Hồ Quốc Ngọc"
"Ngô Hiếu","Dương Anh"
"Ngô Hiếu","Lê Dũng"
"Ngô Hiếu","Hồ Quốc Ngọc"
"Ngô Hiếu","Đặng Ngọc Quỳnh Như"
"Ngô Hiếu","Dương Vũ Trí Đức"
"Ngô Hiếu","Hồ Quốc Ngọc"
"Ngô Hiếu","Hồ Trang"
"Dương Quốc Ngọc","Hồ Việt"
"Dương Quốc Ngọc","Phan Anh"
"Hồ Việt","Lý Hiếu"
"Hồ Việt","Lê Dũng"
"Hồ Việt","Hồ Quốc Ngọc"
"Hồ Việt","Đặng Ngọc Quỳnh Như"
"Hồ Việt","Lý Quốc Ngọc"
"Hồ Việt","Dương Nam Khánh"
"Hồ Việt","Lê Hải Hà An"
"Hồ Việt","Dương Anh"
"Hồ Việt","Phạm Phạm"
"Hồ Việt","Trần Thị Bích Ngọc"
"Hồ Việt","Đặng Hiệp"
"Hồ Việt","Phan Đức"
"Lê Hải Hà An","Bùi Hiệp"
"Lê Hải Hà An","Đặng Hiệp"
"Lê Hải Hà An","Đặng Ngọc Quỳnh Như"
"Phạm Hiệp","Trần Thị Bích Ngọc"
"Phạm Hiệp","Đặng Hiệp"
"Phạm Hiệp","Phan Đức"
"Phạm Hiệp","Dương Ngọc"
"Phạm Hiệp","Trần Ngọc"
"Lý Hiếu","Hồ Quốc Ngọc"
"Lý Hiếu","Dương Vũ Trí Đức"
"Lý Hiếu","Dương Tiến Long"
"Dương Anh","Trần Ngọc"
"Dương Anh","Nguyễn Trang"
"Dương Anh","Hồ Trang"
"Phạm Phạm","Bùi Hiệp"
"Phạm Phạm","Phan Anh"
"Bùi Hiệp","Hồ Quốc Ngọc"
"Bùi Hiệp","Trần Ngọc"
"Lê Dũng","Trần Thị Bích Ngọc"
"Lê Dũng","Lê Hoàng"
"Lê Dũng","Hồ Điệp Chi"
"Lê Dũng","Dương Ngọc"
"Lê Dũng","Trần Quốc Ngọc"
"Lê Dũng","Hồ Trang"
"Lê Dũng","Hồ Trang"
"Hồ Quốc Ngọc","Đặng Ngọc Quỳnh Như"
"Trần Thị Bích Ngọc","Phan Đức"
"Trần Thị Bích Ngọc","Đặng Ngọc Quỳnh Như"
"Trần Thị Bích Ngọc","Trần Ngọc"
"Trần Thị Bích Ngọc","Nguyễn Trang"
"Đặng Huy","Hồ Trang"
"Lê Hoàng","Phan Đức"
"Lê Hoàng","Lý Tài"
"Đặng Hiệp","Hồ Điệp Chi"
"Đặng Hiệp","Trần Ngọc"
"Đặng Hiệp","Nguyễn Trang"
"Hồ Điệp Chi","Trần Ngọc"
"Phan Đức","Dương Ngọc"
"Đặng Ngọc Quỳnh Như","Phan Anh"
"Dương Ngọc","Lý Quốc Ngọc"
"Dương Ngọc","Dương Tiến Long"
"Dương Ngọc","Lý Tài"
"Dương Vũ Trí Đức","Trần Quốc Ngọc"
"Dương Vũ Trí Đức","Lý Quốc Ngọc"
"Dương Vũ Trí Đức","Trần Ngọc"
"Dương Vũ Trí Đức","Nguyễn Trang"
"Dương Vũ Trí Đức","Phan Anh"
"Dương Vũ Trí Đức","Hồ Trang"
"Trần Quốc Ngọc","Dương Tiến Long"
"Lý Quốc Ngọc","Dương Nam Khánh"
"Dương Nam Khánh","Hồ Trang"
"Dương Nam Khánh","Hồ Trang"
"Trần Ngọc","Hồ Trang"
"Lý Tài","Hồ Trang"
"Phan Anh","Hồ Trang"
